"CR","Tracking #","Target DB","Migrated On","Migrated By","CR Type"
"CR000430","HRS-58945","EPM","02/17/2021 12:46:08PM","00824925","SCRP"
"CR000431","HRS-58959","EPM","02/23/2021  9:13:29AM","00274593","SCRP"
"CR000433","HRS-59358","EPM","04/12/2021 11:54:04AM","00274593","SCRP"
"CR000436","HRS-59593","EPM","06/09/2021  4:39:40PM","00274593","CODE"
"CR000437","HRS-59860","EPM","06/15/2021 11:35:25AM","00150774","SCRP"
"CR000439","HRS-55629","EPM","09/17/2021  4:58:14PM","00379213","SCRP"
"CR000439","HRS-55629","EPM","09/17/2021  6:31:51PM","00379213","SCRP"
"CR000439","HRS-55629","EPM","09/17/2021  7:02:17PM","00379213","SCRP"
"CR000440","HRS-60418","EPM","09/05/2021  8:28:47AM","00379213","SCRP"
"CR000442","HRS-60474","EPM","09/28/2021  2:22:00PM","00274593","SCRP"
"CR000444","HRS-58758","EPM","10/03/2021  8:11:10AM","00274593","CODE"
"CR012378","HRS-56199","HRS","08/08/2021  8:11:25AM","00274593","SCRP"
"CR012388","HRS-55676","HRS","08/08/2021  8:10:53AM","00274593","HFIX"
"CR012725","HRS-57017","HRS","04/04/2021  8:11:22AM","00274593","SCRP"
"CR013113","HRS-57892","HRS","11/01/2021  4:31:41PM","00274593","SCRP"
"CR013137","HRS-57897","HRS","02/26/2021  1:48:53PM","00824925","SCRP"
"CR013250","HRS-58250","HRS","04/04/2021  8:12:28AM","00274593","HFIX"
"CR013251","HRS-58250","HRS","04/04/2021  8:13:49AM","00274593","SCRP"
"CR013264","HRS-58325","HRS","05/02/2021  8:30:33AM","00824925","HFIX"
"CR013264","HRS-58325","HRS","05/02/2021  8:31:53AM","00824925","HFIX"
"CR013264","HRS-58325","HRS","05/02/2021  8:32:22AM","00824925","HFIX"
"CR013264","HRS-58325","HRS","05/02/2021  8:32:51AM","00824925","HFIX"
"CR013264","HRS-58325","HRS","05/02/2021  8:33:16AM","00824925","HFIX"
"CR013264","HRS-58325","HRS","05/02/2021  8:33:49AM","00824925","HFIX"
"CR013264","HRS-58325","HRS","05/02/2021  8:34:15AM","00824925","HFIX"
"CR013264","HRS-58325","HRS","05/02/2021  8:34:40AM","00824925","HFIX"
"CR013264","HRS-58325","HRS","05/02/2021  8:35:01AM","00824925","HFIX"
"CR013264","HRS-58325","HRS","05/02/2021  8:35:31AM","00824925","HFIX"
"CR013265","HRS-58325","HRS","05/02/2021  8:35:47AM","00824925","SCRP"
"CR013268","HRS-58211","HRS","03/07/2021  9:19:16AM","00824925","SCRP"
"CR013287","HRS-58312","HRS","02/01/2021  9:44:07AM","00274593","HFIX"
"CR013287","HRS-58312","HRS","02/01/2021  9:45:26AM","00274593","HFIX"
"CR013287","HRS-58312","HRS","02/01/2021  9:46:20AM","00274593","HFIX"
"CR013287","HRS-58312","HRS","02/01/2021  9:47:09AM","00274593","HFIX"
"CR013287","HRS-58312","HRS","02/01/2021  9:57:15AM","00274593","HFIX"
"CR013287","HRS-58312","HRS","02/01/2021 10:01:20AM","00274593","HFIX"
"CR013287","HRS-58312","HRS","02/01/2021 10:13:50AM","00274593","HFIX"
"CR013287","HRS-58312","HRS","02/01/2021 10:23:21AM","00274593","HFIX"
"CR013303","HRS-58404","HRS","01/08/2021  9:18:10AM","00379213","CODE"
"CR013319","HRS-58461","HRS","01/08/2021  8:26:44AM","00274593","HFIX"
"CR013320","HRS-58461","HRS","01/07/2021 12:53:01PM","00824925","HFIX"
"CR013320","HRS-58461","HRS","01/14/2021 12:25:42PM","00274593","HFIX"
"CR013341","HRS-58392","HRS","01/05/2021  5:32:20AM","00274593","HFIX"
"CR013343","HRS-58483","HRS","01/04/2021  9:08:24AM","00274593","SCRP"
"CR013354","HRS-58539","HRS","01/10/2021  8:01:49AM","00824925","SCRP"
"CR013355","HRS-57820","HRS","02/05/2021  5:05:15PM","00824925","SCRP"
"CR013356","HRS-58170","HRS","01/04/2021  3:44:34PM","00824925","SCRP"
"CR013358","HRS-58555","HRS","01/05/2021 11:09:34AM","00274593","HFIX"
"CR013359","HRS-58553","HRS","01/10/2021  8:02:46AM","00824925","SCRP"
"CR013361","HRS-58559","HRS","01/05/2021  4:34:47PM","00824925","HFIX"
"CR013362","HRS-58558","HRS","01/06/2021 11:22:56AM","00274593","HFIX"
"CR013363","HRS-58561","HRS","02/10/2021  1:47:47PM","00824925","SCRP"
"CR013365","HRS-58608","HRS","01/07/2021 10:11:47AM","00274593","HFIX"
"CR013366","HRS-58602","HRS","01/07/2021 10:01:40AM","00274593","HFIX"
"CR013366","HRS-58602","HRS","01/07/2021 10:02:02AM","00274593","HFIX"
"CR013366","HRS-58602","HRS","01/07/2021 10:04:17AM","00274593","HFIX"
"CR013367","HRS-58505","HRS","01/07/2021 10:09:41AM","00274593","HFIX"
"CR013368","HRS-58505","HRS","01/07/2021 12:47:44PM","00824925","HFIX"
"CR013369","HRS-58611","HRS","01/07/2021  3:16:31PM","00824925","HFIX"
"CR013371","HRS-58619","HRS","01/10/2021  8:03:56AM","00824925","SCRP"
"CR013372","HRS-58618","HRS","01/08/2021 11:46:12AM","00274593","HFIX"
"CR013375","HRS-58608","HRS","01/11/2021 10:15:39AM","00274593","HFIX"
"CR013378","HRS-58613","HRS","01/13/2021  8:51:30AM","00274593","HFIX"
"CR013378","HRS-58613","HRS","01/13/2021  8:51:55AM","00274593","HFIX"
"CR013378","HRS-58613","HRS","01/13/2021  8:52:17AM","00274593","HFIX"
"CR013378","HRS-58613","HRS","01/20/2021  8:29:43AM","00274593","HFIX"
"CR013378","HRS-58613","HRS","01/20/2021  8:30:09AM","00274593","HFIX"
"CR013378","HRS-58613","HRS","01/20/2021  8:30:29AM","00274593","HFIX"
"CR013382","HRS-58608","HRS","01/13/2021 12:44:12PM","00824925","HFIX"
"CR013383","HRS-58649","HRS","01/19/2021  9:50:39AM","00274593","HFIX"
"CR013384","HRS-58654","HRS","02/05/2021  5:08:11PM","00824925","SCRP"
"CR013386","HRS-58655","HRS","01/14/2021  1:40:20PM","00824925","HFIX"
"CR013388","HRS-58647","HRS","01/14/2021  4:17:09PM","00824925","HFIX"
"CR013391","HRS-58676","HRS","02/05/2021  5:14:01PM","00824925","SCRP"
"CR013393","HRS-58674","HRS","01/15/2021  2:08:39PM","00824925","HFIX"
"CR013395","HRS-58682","HRS","01/19/2021 12:50:36PM","00824925","SCRP"
"CR013396","HRS-58696","HRS","01/25/2021  8:26:12AM","00274593","HFIX"
"CR013397","HRS-58699","HRS","01/21/2021  2:19:10PM","00824925","SCRP"
"CR013398","HRS-57987","HRS","02/05/2021  5:05:48PM","00824925","SCRP"
"CR013399","HRS-58710","HRS","01/19/2021  1:25:59PM","00824925","HFIX"
"CR013400","HRS-58708","HRS","01/21/2021  9:50:32AM","00274593","SCRP"
"CR013403","HRS-58558","HRS","01/20/2021  3:55:06PM","00824925","SCRP"
"CR013404","HRS-58311","HRS","02/01/2021  9:42:17AM","00274593","SCRP"
"CR013406","HRS-58728","HRS","01/21/2021 10:34:42AM","00379213","HFIX"
"CR013410","HRS-58669","HRS","05/02/2021  8:29:08AM","00824925","SCRP"
"CR013411","HRS-58747","HRS","01/25/2021 12:47:32PM","00824925","HFIX"
"CR013412","HRS-58651","HRS","01/30/2021  9:59:33AM","00379213","HFIX"
"CR013413","HRS-58738","HRS","01/30/2021 10:03:10AM","00379213","HFIX"
"CR013420","HRS-58776","HRS","01/27/2021  8:28:40AM","00379213","HFIX"
"CR013421","HRS-58735","HRS","02/05/2021  5:14:30PM","00824925","SCRP"
"CR013422","HRS-58776","HRS","01/27/2021  3:32:55PM","00274593","HFIX"
"CR013423","HRS-58624","HRS","03/07/2021  9:22:12AM","00824925","SCRP"
"CR013424","HRS-58766","HRS","01/27/2021  3:28:52PM","00274593","HFIX"
"CR013424","HRS-58766","HRS","01/27/2021  3:29:39PM","00274593","HFIX"
"CR013425","HRS-58616","HRS","03/07/2021  9:21:50AM","00824925","SCRP"
"CR013427","HRS-58784","HRS","01/28/2021 11:37:41AM","00274593","HFIX"
"CR013428","HRS-58789","HRS","02/05/2021  5:15:38PM","00824925","SCRP"
"CR013429","HRS-58792","HRS","01/29/2021  4:39:59PM","00379213","HFIX"
"CR013431","HRS-58294","HRS","02/05/2021  5:07:05PM","00824925","SCRP"
"CR013434","HRS-58802","HRS","02/01/2021  9:34:34AM","00274593","HFIX"
"CR013435","HRS-58802","HRS","02/01/2021 12:41:51PM","00824925","HFIX"
"CR013437","HRS-58814","HRS","02/05/2021  5:19:39PM","00824925","SCRP"
"CR013438","HRS-58749","HRS","02/08/2021  8:20:29AM","00274593","SCRP"
"CR013442","HRS-58820","HRS","02/05/2021  5:16:25PM","00824925","SCRP"
"CR013443","HRS-58835","HRS","03/07/2021  9:27:10AM","00824925","HFIX"
"CR013444","HRS-58834","HRS","02/05/2021  5:01:57PM","00824925","SCRP"
"CR013447","HRS-58845","HRS","02/05/2021  7:59:02AM","00274593","HFIX"
"CR013449","HRS-58449","HRS","03/07/2021  9:20:09AM","00824925","SCRP"
"CR013449","HRS-58449","HRS","03/07/2021  9:22:41AM","00824925","SCRP"
"CR013450","HRS-58252","HRS","02/05/2021  5:15:38PM","00824925","HFIX"
"CR013451","HRS-58857","HRS","02/05/2021  4:58:14PM","00824925","HFIX"
"CR013454","HRS-58830","HRS","03/07/2021  9:24:07AM","00824925","CODE"
"CR013454","HRS-58830","HRS","03/07/2021  9:24:39AM","00824925","CODE"
"CR013454","HRS-58830","HRS","03/07/2021  9:25:02AM","00824925","CODE"
"CR013454","HRS-58830","HRS","03/07/2021  9:25:27AM","00824925","CODE"
"CR013454","HRS-58830","HRS","03/07/2021  9:26:08AM","00824925","CODE"
"CR013456","HRS-58859","HRS","02/08/2021 11:02:22AM","00274593","HFIX"
"CR013457","HRS-58863","HRS","02/08/2021  2:04:13PM","00824925","HFIX"
"CR013458","HRS-58865","HRS","02/08/2021  3:26:19PM","00824925","HFIX"
"CR013459","HRS-58860","HRS","02/08/2021  4:08:54PM","00824925","HFIX"
"CR013461","HRS-58874","HRS","02/09/2021 12:25:34AM","00379213","HFIX"
"CR013464","HRS-55931","HRS","02/08/2021 11:49:03PM","00379213","SCRP"
"CR013465","HRS-58815","HRS","02/09/2021  1:09:10PM","00824925","HFIX"
"CR013467","HRS-58879","HRS","02/09/2021  1:21:47PM","00824925","HFIX"
"CR013468","HRS-58883","HRS","02/09/2021  2:08:15PM","00824925","HFIX"
"CR013469","HRS-58887","HRS","02/09/2021  5:43:31PM","00274593","HFIX"
"CR013470","HRS-58893","HRS","02/10/2021  8:37:20AM","00379213","HFIX"
"CR013471","HRS-58873","HRS","02/11/2021  8:34:36AM","00379213","SCRP"
"CR013472","HRS-58896","HRS","02/10/2021 12:15:50PM","00379213","HFIX"
"CR013473","HRS-58901","HRS","02/10/2021  4:15:23PM","00824925","HFIX"
"CR013474","HRS-58902","HRS","02/15/2021  1:45:02PM","00824925","SCRP"
"CR013475","HRS-58903","HRS","02/11/2021  8:40:41AM","00379213","HFIX"
"CR013476","HRS-58866","HRS","02/11/2021  8:58:25AM","00379213","HFIX"
"CR013478","HRS-58866","HRS","02/12/2021 10:20:53AM","00274593","HFIX"
"CR013479","HRS-58907","HRS","02/12/2021 12:37:24PM","00824925","HFIX"
"CR013480","HRS-58907","HRS","02/15/2021  8:33:01AM","00274593","HFIX"
"CR013485","HRS-58670","HRS","03/19/2021 11:13:13AM","00274593","HFIX"
"CR013490","HRS-58106","HRS","03/07/2021  9:18:35AM","00824925","SCRP"
"CR013493","HRS-58759","HRS","03/07/2021  9:22:36AM","00824925","SCRP"
"CR013495","HRS-58914","HRS","02/22/2021 12:45:20PM","00824925","SCRP"
"CR013499","HRS-58954","HRS","02/17/2021  3:13:58PM","00274593","HFIX"
"CR013500","HRS-58622","HRS","04/04/2021  8:14:12AM","00274593","SCRP"
"CR013504","HRS-58889","HRS","02/19/2021 11:17:48AM","00274593","HFIX"
"CR013506","HRS-59839","HRS","02/19/2021  1:17:59PM","00824925","HFIX"
"CR013507","HRS-58939","HRS","02/19/2021  2:12:10PM","00824925","HFIX"
"CR013509","HRS-58941","HRS","02/23/2021 10:26:32AM","00274593","HFIX"
"CR013510","HRS-58986","HRS","02/23/2021 12:38:40PM","00824925","HFIX"
"CR013511","HRS-58941","HRS","02/23/2021  1:17:40PM","00824925","HFIX"
"CR013512","HRS-58994","HRS","02/24/2021  1:24:57AM","00274593","HFIX"
"CR013513","HRS-58995","HRS","02/25/2021  8:26:37AM","00274593","SCRP"
"CR013514","HRS-58999","HRS","02/24/2021 10:59:55AM","00274593","HFIX"
"CR013515","HRS-59004","HRS","02/24/2021 12:53:14PM","00824925","HFIX"
"CR013517","HRS-58989","HRS","03/04/2021  8:24:36AM","00274593","SCRP"
"CR013518","HRS-59016","HRS","02/25/2021  8:25:11AM","00274593","HFIX"
"CR013520","TEST","HRS","02/25/2021  8:52:19PM","00274593","HFIX"
"CR013522","HRS-58990","HRS","02/26/2021  1:20:19PM","00824925","HFIX"
"CR013523","HRS-59022","HRS","02/28/2021  9:20:41AM","00274593","HFIX"
"CR013523","HRS-59022","HRS","02/28/2021  9:23:21AM","00274593","HFIX"
"CR013523","HRS-59022","HRS","02/28/2021  9:28:24AM","00274593","HFIX"
"CR013525","HRS-59028","HRS","03/01/2021 12:55:15PM","00274593","HFIX"
"CR013526","HRS-59043","HRS","03/01/2021 12:51:25PM","00274593","HFIX"
"CR013528","HRS-58886","HRS","03/26/2021  4:29:21PM","00824925","SCRP"
"CR013529","HRS-59000","HRS","03/07/2021  9:27:31AM","00824925","SCRP"
"CR013530","HRS-59037","HRS","04/04/2021  8:14:49AM","00274593","SCRP"
"CR013531","HRS-59038","HRS","04/04/2021  8:15:19AM","00274593","SCRP"
"CR013533","HRS-59054","HRS","04/04/2021  8:16:04AM","00274593","SCRP"
"CR013534","HRS-57832","HRS","03/03/2021 12:49:34PM","00824925","HFIX"
"CR013541","HRS-59065","HRS","03/03/2021  9:58:47AM","00274593","HFIX"
"CR013544","HRS-59081","HRS","03/05/2021 10:36:31AM","00274593","HFIX"
"CR013546","HRS-59089","HRS","03/05/2021 10:37:48AM","00274593","HFIX"
"CR013547","HRS-59083","HRS","03/08/2021  3:32:20PM","00824925","HFIX"
"CR013548","HRS-59086","HRS","03/09/2021 10:48:41AM","00274593","HFIX"
"CR013550","HRS-59070","HRS","03/27/2021 11:12:24AM","00379213","HFIX"
"CR013552","HRS-59105","HRS","04/04/2021  8:16:43AM","00274593","SCRP"
"CR013553","HRS-59045","HRS","03/12/2021 10:03:33AM","00274593","SCRP"
"CR013554","HRS-58848","HRS","03/26/2021  4:29:03PM","00824925","SCRP"
"CR013558","HRS-59115","HRS","03/10/2021 11:48:18AM","00274593","HFIX"
"CR013559","HRS-59118","HRS","03/10/2021  1:16:13PM","00824925","HFIX"
"CR013560","HRS-59126","HRS","03/11/2021  6:45:50AM","00379213","HFIX"
"CR013562","HRS-59108","HRS","03/17/2021 11:37:23AM","00274593","HFIX"
"CR013563","HRS-59127","HRS","03/11/2021 11:21:11AM","00274593","HFIX"
"CR013564","HRS-59130","HRS","03/16/2021 12:43:43PM","00824925","HFIX"
"CR013565","HRS-59141","HRS","03/12/2021 11:49:14AM","00274593","SCRP"
"CR013566","HRS-59144","HRS","03/16/2021  9:09:13AM","00274593","HFIX"
"CR013568","HRS-59036","HRS","03/27/2021 11:10:33AM","00379213","HFIX"
"CR013569","HRS-59145","HRS","03/26/2021  4:30:01PM","00824925","HFIX"
"CR013570","HRS-59161","HRS","04/04/2021  8:20:46AM","00274593","HFIX"
"CR013572","HRS-59163","HRS","03/17/2021 10:04:40AM","00274593","SCRP"
"CR013575","HRS-59170","HRS","04/04/2021  8:21:13AM","00274593","SCRP"
"CR013578","HRS-59184","HRS","03/18/2021  1:02:31PM","00824925","HFIX"
"CR013580","HRS-59190","HRS","03/19/2021 12:36:19PM","00274593","HFIX"
"CR013582","HRS-59138","HRS","04/04/2021  8:19:10AM","00274593","SCRP"
"CR013583","HRS-59139","HRS","04/04/2021  8:19:46AM","00274593","SCRP"
"CR013587","HRS-59211","HRS","03/22/2021  1:05:27PM","00824925","HFIX"
"CR013591","HRS-59225","HRS","04/04/2021  8:21:49AM","00274593","SCRP"
"CR013593","HRS-59140","HRS","04/04/2021  8:20:27AM","00274593","SCRP"
"CR013594","HRS-59135","HRS","04/04/2021  8:17:54AM","00274593","SCRP"
"CR013595","HRS-59232","HRS","03/24/2021 11:45:18AM","00274593","HFIX"
"CR013596","HRS-59228","HRS","03/24/2021  1:01:50PM","00824925","HFIX"
"CR013596","HRS-59228","HRS","03/24/2021  1:09:22PM","00824925","HFIX"
"CR013596","HRS-59228","HRS","03/24/2021  1:12:48PM","00824925","HFIX"
"CR013596","HRS-59228","HRS","03/24/2021  1:18:39PM","00824925","HFIX"
"CR013598","HRS-59233","HRS","04/04/2021  8:22:06AM","00274593","SCRP"
"CR013601","HRS-59236","HRS","03/26/2021  8:29:57AM","00379213","HFIX"
"CR013601","HRS-59236","HRS","03/26/2021  8:34:16AM","00379213","HFIX"
"CR013601","HRS-59236","HRS","03/26/2021  8:37:32AM","00379213","HFIX"
"CR013602","HRS-59220","HRS","03/26/2021  8:23:00AM","00379213","HFIX"
"CR013603","HRS-59248","HRS","04/04/2021  8:22:27AM","00274593","SCRP"
"CR013606","HRS-58985","HRS","03/25/2021  4:52:47PM","00824925","HFIX"
"CR013607","HRS-59252","HRS","03/26/2021  8:25:14AM","00379213","HFIX"
"CR013608","HRS-59261","HRS","03/27/2021  1:19:34PM","00379213","HFIX"
"CR013609","HRS-59206","HRS","04/04/2021  8:21:31AM","00274593","SCRP"
"CR013612","HRS-59276","HRS","03/31/2021  1:51:36PM","00824925","HFIX"
"CR013613","HRS-59281","HRS","04/04/2021  8:22:45AM","00274593","SCRP"
"CR013619","HRS-59281","HRS","04/04/2021  8:22:59AM","00274593","HFIX"
"CR013625","HRS-59303","HRS","04/02/2021 12:09:23PM","00274593","HFIX"
"CR013626","HRS-59304","HRS","04/02/2021 11:53:01AM","00274593","HFIX"
"CR013626","HRS-59304","HRS","04/03/2021  8:34:24PM","00274593","HFIX"
"CR013626","HRS-59304","HRS","04/03/2021  8:35:14PM","00274593","HFIX"
"CR013626","HRS-59304","HRS","04/03/2021  8:36:10PM","00274593","HFIX"
"CR013628","HRS-59300","HRS","04/02/2021  1:06:19PM","00274593","HFIX"
"CR013630","HRS-59316","HRS","05/02/2021  8:28:10AM","00824925","SCRP"
"CR013631","HRS-59312","HRS","04/09/2021  9:08:11AM","00274593","SCRP"
"CR013633","HRS-59329","HRS","04/08/2021  1:23:28PM","00824925","SCRP"
"CR013634","HRS-59337","HRS","04/08/2021  3:20:54PM","00824925","HFIX"
"CR013635","HRS-59352","HRS","04/09/2021 12:14:37PM","00274593","HFIX"
"CR013635","HRS-59352","HRS","04/09/2021 12:42:57PM","00274593","HFIX"
"CR013635","HRS-59352","HRS","04/09/2021 12:43:43PM","00274593","HFIX"
"CR013635","HRS-59352","HRS","04/09/2021 12:45:51PM","00274593","HFIX"
"CR013635","HRS-59352","HRS","04/09/2021 12:46:36PM","00274593","HFIX"
"CR013635","HRS-59352","HRS","04/09/2021 12:47:00PM","00274593","HFIX"
"CR013643","HRS-59372","HRS","04/13/2021  2:05:21PM","00274593","HFIX"
"CR013644","HRS-59372","HRS","04/13/2021  2:14:31PM","00274593","HFIX"
"CR013645","HRS-59338","HRS","05/02/2021  8:25:50AM","00824925","SCRP"
"CR013646","HRS-57449","HRS","11/01/2021  4:31:08PM","00274593","SCRP"
"CR013649","HRS-59359","HRS","07/14/2021  8:25:52AM","00379213","HFIX"
"CR013650","HRS-59389","HRS","04/16/2021  8:56:55AM","00274593","HFIX"
"CR013652","HRS-59375","HRS","04/26/2021  8:44:35AM","00274593","HFIX"
"CR013654","HRS-59384","HRS","04/21/2021  3:01:10PM","00274593","SCRP"
"CR013656","HRS-59340","HRS","04/21/2021  3:01:41PM","00274593","SCRP"
"CR013657","HRS-59002","HRS","05/02/2021  8:28:53AM","00824925","SCRP"
"CR013658","HRS-53393","HRS","05/02/2021  8:36:06AM","00824925","SCRP"
"CR013660","HRS-59305","HRS","05/02/2021  8:28:34AM","00824925","SCRP"
"CR013664","HRS-59461","HRS","05/02/2021  8:24:06AM","00824925","SCRP"
"CR013668","HRS-59452","HRS","04/23/2021  9:27:06AM","00274593","HFIX"
"CR013670","HRS-59488","HRS","04/23/2021  1:50:28PM","00824925","HFIX"
"CR013671","HRS-59487","HRS","04/27/2021  8:58:46AM","00274593","HFIX"
"CR013673","HRS-59391","HRS","05/04/2021  8:23:37AM","00379213","HFIX"
"CR013674","HRS-59432","HRS","04/27/2021 10:20:11AM","00274593","HFIX"
"CR013675","HRS-59432","HRS","04/27/2021  1:24:16PM","00824925","HFIX"
"CR013679","HRS-59529","HRS","04/28/2021  8:56:23AM","00379213","HFIX"
"CR013680","HRS-59520","HRS","04/28/2021  2:40:16PM","00824925","HFIX"
"CR013681","HRS-59491","HRS","05/02/2021  8:23:46AM","00824925","SCRP"
"CR013684","HRS-59542","HRS","04/29/2021  1:14:56PM","00379213","HFIX"
"CR013684","HRS-59542","HRS","04/29/2021  3:19:35PM","00824925","HFIX"
"CR013687","HRS-59550","HRS","04/30/2021  9:07:39AM","00379213","HFIX"
"CR013690","HRS-59553","HRS","04/30/2021  2:41:41PM","00824925","HFIX"
"CR013690","HRS-59553","HRS","05/06/2021  1:16:02PM","00824925","HFIX"
"CR013691","HRS-59559","HRS","05/03/2021 10:48:41AM","00379213","HFIX"
"CR013693","HRS-59546","HRS","05/12/2021  1:20:49PM","00824925","HFIX"
"CR013696","HRS-59564","HRS","05/03/2021  4:43:53PM","00824925","HFIX"
"CR013698","HRS-59580","HRS","05/30/2021  8:43:58AM","00379213","SCRP"
"CR013700","HRS-59582","HRS","05/05/2021  2:41:02PM","00824925","HFIX"
"CR013704","HRS-59586","HRS","05/06/2021  9:34:40AM","00379213","HFIX"
"CR013705","HRS-59363","HRS","07/09/2021  8:10:11AM","00274593","HFIX"
"CR013706","HRS-59581","HRS","07/25/2021  8:03:52AM","00274593","SCRP"
"CR013709","HRS-59318","HRS","05/14/2021  9:08:08AM","00274593","SCRP"
"CR013714","HRS-59615","HRS","05/11/2021  1:46:43PM","00824925","HFIX"
"CR013715","HRS-59459","HRS","06/27/2021  8:50:18AM","00379213","SCRP"
"CR013717","HRS-59611","HRS","05/30/2021  8:44:39AM","00379213","SCRP"
"CR013719","HRS-59633","HRS","05/12/2021  1:25:58PM","00824925","HFIX"
"CR013719","HRS-59633","HRS","05/12/2021  3:45:41PM","00824925","HFIX"
"CR013720","HRS-58165","HRS","05/30/2021  8:43:37AM","00379213","SCRP"
"CR013723","HRS-59634","HRS","05/13/2021  2:06:26PM","00824925","HFIX"
"CR013725","HRS-59632","HRS","05/20/2021  1:33:09PM","00824925","HFIX"
"CR013727","HRS-59654","HRS","05/14/2021  1:52:00PM","00824925","HFIX"
"CR013727","HRS-59654","HRS","05/14/2021  1:58:44PM","00824925","HFIX"
"CR013727","HRS-59654","HRS","05/14/2021  2:11:05PM","00824925","HFIX"
"CR013728","HRS-59657","HRS","05/17/2021  8:43:09AM","00274593","HFIX"
"CR013728","HRS-59657","HRS","05/17/2021 11:45:57AM","00274593","HFIX"
"CR013729","HRS-59656","HRS","05/17/2021  1:43:53PM","00824925","HFIX"
"CR013730","HRS-59662","HRS","05/17/2021  4:34:01PM","00824925","HFIX"
"CR013731","HRS-59656","HRS","05/18/2021  8:53:12AM","00274593","HFIX"
"CR013733","HRS-59659","HRS","05/18/2021  9:58:21PM","00379213","HFIX"
"CR013737","HRS-59176","HRS","05/27/2021  8:14:34AM","00274593","HFIX"
"CR013739","HRS-59698","HRS","05/30/2021  8:45:03AM","00379213","SCRP"
"CR013740","HRS-59701","HRS","05/24/2021 10:47:48AM","00379213","HFIX"
"CR013741","HRS-59693","HRS","05/24/2021 10:43:44AM","00379213","HFIX"
"CR013741","HRS-59693","HRS","05/24/2021 10:44:20AM","00379213","HFIX"
"CR013742","HRS-59706","HRS","05/30/2021  8:45:30AM","00379213","SCRP"
"CR013744","HRS-56807","HRS","05/27/2021  8:07:55AM","00274593","HFIX"
"CR013745","HRS-59710","HRS","05/24/2021 12:40:35PM","00824925","HFIX"
"CR013749","HRS-59587","HRS","05/30/2021  8:44:18AM","00379213","SCRP"
"CR013752","HRS-59737","HRS","05/26/2021 12:04:06PM","00379213","HFIX"
"CR013752","HRS-59737","HRS","05/26/2021 12:06:32PM","00379213","HFIX"
"CR013755","HRS-58891","HRS","06/27/2021  8:44:57AM","00379213","SCRP"
"CR013756","HRS-58156","HRS","07/12/2021  1:21:16PM","00379213","SCRP"
"CR013758","HRS-59752","HRS","05/28/2021  9:06:55AM","00274593","HFIX"
"CR013761","HRS-58150","HRS","06/27/2021  7:57:22AM","00379213","SCRP"
"CR013762","HRS-58147","HRS","06/27/2021  8:40:59AM","00379213","SCRP"
"CR013763","HRS-58064","HRS","06/27/2021  8:34:33AM","00379213","SCRP"
"CR013764","HRS-57990","HRS","06/27/2021  8:33:51AM","00379213","SCRP"
"CR013765","HRS-57985","HRS","06/27/2021  8:33:29AM","00379213","SCRP"
"CR013766","HRS-57971","HRS","06/27/2021  8:32:58AM","00379213","SCRP"
"CR013767","HRS-58085","HRS","06/27/2021  8:34:56AM","00379213","HFIX"
"CR013769","HRS-59699","HRS","06/27/2021  8:52:01AM","00379213","SCRP"
"CR013770","HRS-59237","HRS","07/09/2021  1:01:08PM","00274593","SCRP"
"CR013772","HRS-59763","HRS","06/01/2021 10:45:42AM","00274593","HFIX"
"CR013773","HRS-59328","HRS","06/01/2021 12:12:55PM","00274593","HFIX"
"CR013774","HRS-59327","HRS","08/23/2021 10:15:55AM","00379213","HFIX"
"CR013775","HRS-59766","HRS","06/01/2021  2:23:28PM","00274593","HFIX"
"CR013781","HRS-59685","HRS","07/25/2021  8:05:25AM","00274593","SCRP"
"CR013782","HRS-59686","HRS","07/25/2021  8:05:46AM","00274593","SCRP"
"CR013783","HRS-59694","HRS","07/25/2021  8:07:38AM","00274593","SCRP"
"CR013785","HRS-59770","HRS","06/07/2021 10:23:09AM","00274593","HFIX"
"CR013786","HRS-59688","HRS","06/17/2021  5:36:16PM","00274593","SCRP"
"CR013789","HRS-59129","HRS","07/25/2021  8:02:57AM","00274593","SCRP"
"CR013792","HRS-59393","HRS","06/27/2021  8:49:59AM","00379213","SCRP"
"CR013793","HRS-59347","HRS","06/27/2021  8:45:50AM","00379213","SCRP"
"CR013794","HRS-58861","HRS","06/27/2021  8:44:29AM","00379213","SCRP"
"CR013795","HRS-58722","HRS","06/27/2021  8:43:30AM","00379213","SCRP"
"CR013796","HRS-59349","HRS","06/27/2021  8:49:27AM","00379213","SCRP"
"CR013798","HRS-58202","HRS","06/27/2021  8:41:33AM","00379213","SCRP"
"CR013799","HRS-58519","HRS","06/27/2021  8:43:08AM","00379213","SCRP"
"CR013800","HRS-59005","HRS","06/27/2021  8:45:26AM","00379213","SCRP"
"CR013802","HRS-59777","HRS","06/02/2021  4:54:29PM","00274593","HFIX"
"CR013802","HRS-59777","HRS","06/02/2021  4:57:32PM","00274593","HFIX"
"CR013802","HRS-59777","HRS","06/02/2021  4:59:55PM","00274593","HFIX"
"CR013803","HRS-59778","HRS","06/02/2021  4:52:38PM","00274593","HFIX"
"CR013804","HRS-59605","HRS","06/27/2021  8:51:07AM","00379213","SCRP"
"CR013806","HRS-59131","HRS","06/21/2021 12:48:41PM","00379213","SCRP"
"CR013808","HRS-58273","HRS","06/27/2021  8:42:17AM","00379213","SCRP"
"CR013809","HRS-58274","HRS","06/27/2021  8:42:36AM","00379213","SCRP"
"CR013817","HRS-58267","HRS","06/27/2021  8:41:55AM","00379213","SCRP"
"CR013822","HRS-59708","HRS","06/27/2021  8:54:11AM","00379213","SCRP"
"CR013826","HRS-59797","HRS","06/08/2021  2:51:56PM","00274593","HFIX"
"CR013827","HRS-59799","HRS","06/04/2021  2:06:03PM","00274593","HFIX"
"CR013832","HRS-59802","HRS","06/07/2021  2:51:01PM","00379213","HFIX"
"CR013832","HRS-59802","HRS","06/07/2021  2:53:24PM","00379213","HFIX"
"CR013832","HRS-59802","HRS","06/07/2021  2:54:30PM","00379213","HFIX"
"CR013832","HRS-59802","HRS","06/07/2021  2:55:49PM","00379213","HFIX"
"CR013833","HRS-59114","HRS","07/02/2021  4:15:45PM","00379213","HFIX"
"CR013835","HRS-59114","HRS","07/12/2021  2:31:46PM","00379213","HFIX"
"CR013840","HRS-59636","HRS","07/25/2021  8:04:39AM","00274593","SCRP"
"CR013841","HRS-59730","HRS","07/25/2021  8:07:56AM","00274593","SCRP"
"CR013842","HRS-59786","HRS","06/08/2021  3:10:04PM","00274593","HFIX"
"CR013844","HRS-59732","HRS","07/25/2021  8:08:16AM","00274593","SCRP"
"CR013848","HRS-59823","HRS","06/09/2021  3:10:41PM","00379213","HFIX"
"CR013853","HRS-58641","HRS","07/22/2021  7:46:20PM","00379213","SCRP"
"CR013855","HRS-59841","HRS","06/27/2021  8:54:50AM","00379213","SCRP"
"CR013857","HRS-59606","HRS","07/25/2021  8:04:16AM","00274593","SCRP"
"CR013859","HRS-58672","HRS","07/18/2021 11:06:53AM","00274593","HFIX"
"CR013861","HRS-59850","HRS","07/16/2021  8:43:42AM","00379213","SCRP"
"CR013862","HRS-59849","HRS","06/27/2021  8:55:19AM","00379213","SCRP"
"CR013863","HRS-59848","HRS","07/15/2021 12:03:44PM","00274593","SCRP"
"CR013864","HRS-59791","HRS","07/01/2021  9:24:22AM","00274593","SCRP"
"CR013865","HRS-59651","HRS","07/25/2021  8:05:01AM","00274593","SCRP"
"CR013866","HRS-58639","HRS","06/14/2021  1:39:52PM","00150774","HFIX"
"CR013868","HRS-59857","HRS","07/16/2021  4:47:19PM","00274593","HFIX"
"CR013869","HRS-59858","HRS","06/27/2021  8:55:38AM","00379213","HFIX"
"CR013871","HRS-59866","HRS","06/27/2021  8:56:03AM","00379213","SCRP"
"CR013871","HRS-59866","HRS","06/27/2021  8:56:31AM","00379213","SCRP"
"CR013875","HRS-59855","HRS","07/16/2021  3:36:32PM","00274593","SCRP"
"CR013882","HRS-59891","HRS","06/27/2021  8:56:48AM","00379213","SCRP"
"CR013882","HRS-59891","HRS","06/27/2021  8:56:59AM","00379213","SCRP"
"CR013884","/HRS-59901","HRS","06/18/2021  9:56:33AM","00274593","HFIX"
"CR013885","HRS-59801","HRS","06/18/2021 11:29:39AM","00274593","HFIX"
"CR013886","HRS-59801","HRS","06/18/2021  2:52:03PM","00274593","HFIX"
"CR013887","HRS-59801","HRS","06/21/2021 10:16:11AM","00274593","HFIX"
"CR013888","HRS-59911","HRS","06/22/2021  8:57:09AM","00150774","HFIX"
"CR013890","HRS-59801","HRS","06/21/2021  2:44:14PM","00274593","HFIX"
"CR013891","HRS-59918","HRS","06/21/2021  2:36:23PM","00274593","HFIX"
"CR013900","HRS-59932","HRS","07/25/2021  8:08:37AM","00274593","SCRP"
"CR013905","HRS-59951","HRS","06/28/2021  8:54:33AM","00379213","HFIX"
"CR013908","HRS-58627","HRS","07/01/2021 12:54:00PM","00274593","HFIX"
"CR013909","HRS-59962","HRS","06/30/2021  2:27:59PM","00274593","HFIX"
"CR013911","HRS-59964","HRS","06/30/2021  8:48:31AM","00379213","SCRP"
"CR013915","HRS-59969","HRS","07/01/2021 11:56:09AM","00274593","HFIX"
"CR013917","HRS-59970","HRS","07/01/2021 12:30:39PM","00274593","HFIX"
"CR013917","HRS-59970","HRS","07/01/2021 12:42:08PM","00274593","HFIX"
"CR013917","HRS-59970","HRS","07/01/2021 12:50:22PM","00274593","HFIX"
"CR013921","HRS-59980","HRS","07/06/2021  8:09:10AM","00150774","HFIX"
"CR013922","HRS-59990","HRS","07/06/2021  9:45:57AM","00379213","HFIX"
"CR013923","HRS-59990","HRS","07/06/2021  2:40:10PM","00379213","HFIX"
"CR013924","HRS-59993","HRS","07/06/2021  3:36:50PM","00274593","HFIX"
"CR013925","HRS-59989","HRS","07/06/2021 12:33:00PM","00274593","HFIX"
"CR013925","HRS-59989","HRS","07/06/2021  3:04:12PM","00274593","HFIX"
"CR013927","HRS-59177","HRS","07/06/2021  4:42:51PM","00274593","HFIX"
"CR013931","HRS-59989","HRS","07/07/2021  1:07:50PM","00274593","HFIX"
"CR013931","HRS-59989","HRS","07/07/2021  2:36:42PM","00379213","HFIX"
"CR013931","HRS-59989","HRS","07/08/2021  8:23:44AM","00274593","HFIX"
"CR013931","HRS-59989","HRS","07/08/2021  8:59:48AM","00274593","HFIX"
"CR013931","HRS-59989","HRS","07/08/2021  9:26:40AM","00274593","HFIX"
"CR013931","HRS-59989","HRS","07/08/2021  4:32:04PM","00274593","HFIX"
"CR013931","HRS-59989","HRS","07/09/2021  9:07:51AM","00274593","HFIX"
"CR013931","HRS-59989","HRS","07/10/2021  7:12:45AM","00274593","HFIX"
"CR013931","HRS-59989","HRS","07/10/2021  1:17:40PM","00274593","HFIX"
"CR013934","HRS-60019","HRS","07/08/2021  8:44:45AM","00274593","HFIX"
"CR013937","HRS-60026","HRS","07/09/2021  8:13:11AM","00274593","HFIX"
"CR013938","HRS-60029","HRS","07/09/2021 11:13:29AM","00274593","HFIX"
"CR013940","HRS-60039","HRS","07/12/2021  1:08:13PM","00379213","HFIX"
"CR013941","HRS-60036","HRS","07/25/2021  8:15:44AM","00274593","SCRP"
"CR013942","HRS-59114","HRS","07/12/2021  2:28:53PM","00379213","HFIX"
"CR013943","HRS-54619","HRS","10/03/2021  8:13:56AM","00274593","SCRP"
"CR013945","HRS-60022","HRS","10/03/2021  8:21:15AM","00274593","SCRP"
"CR013946","HRS-60021","HRS","10/03/2021  8:20:56AM","00274593","SCRP"
"CR013950","HRS-59453","HRS","07/16/2021  6:10:23PM","00274593","HFIX"
"CR013951","HRS-60059","HRS","07/15/2021  9:17:12AM","00274593","HFIX"
"CR013952","HRS-54626","HRS","10/03/2021  8:16:23AM","00274593","SCRP"
"CR013953","HRS-60058","HRS","07/15/2021  9:11:28AM","00274593","HFIX"
"CR013953","HRS-60058","HRS","07/16/2021  8:03:40AM","00379213","HFIX"
"CR013953","HRS-60058","HRS","07/18/2021  8:18:14AM","00274593","HFIX"
"CR013954","HRS-59887","HRS","07/15/2021  9:23:39AM","00274593","HFIX"
"CR013955","HRS-60062","HRS","07/15/2021 10:47:17AM","00379213","HFIX"
"CR013957","HRS-58626","HRS","07/16/2021 10:01:53AM","00274593","HFIX"
"CR013958","HRS-60066","HRS","07/16/2021  1:11:36PM","00274593","HFIX"
"CR013959","HRS-60076","HRS","07/21/2021  1:12:03PM","00274593","HFIX"
"CR013960","HRS-59940","HRS","07/25/2021  8:08:59AM","00274593","SCRP"
"CR013964","HRS-60079","HRS","07/19/2021  3:03:12PM","00274593","HFIX"
"CR013965","HRS-60084","HRS","07/20/2021  8:35:21AM","00274593","HFIX"
"CR013967","HRS-60072","HRS","07/25/2021  8:16:03AM","00274593","SCRP"
"CR013968","HRS-60091","HRS","07/20/2021  1:50:41PM","00379213","HFIX"
"CR013970","HRS-60094","HRS","07/20/2021  5:14:38PM","00274593","HFIX"
"CR013971","HRS-54473","HRS","10/03/2021  8:13:33AM","00274593","SCRP"
"CR013972","HRS-60096","HRS","10/03/2021  8:21:33AM","00274593","SCRP"
"CR013973","HRS-54623","HRS","10/03/2021  8:15:18AM","00274593","SCRP"
"CR013974","HRS-59936","HRS","08/08/2021  8:11:42AM","00274593","SCRP"
"CR013975","HRS-54905","HRS","10/03/2021  8:16:46AM","00274593","SCRP"
"CR013978","HRS-60100","HRS","07/23/2021  7:26:12PM","00379213","HFIX"
"CR013979","HRS-60105","HRS","07/22/2021  2:05:31PM","00274593","HFIX"
"CR013985","HRS-60114","HRS","08/08/2021  8:15:21AM","00274593","SCRP"
"CR013986","HRS-60081","HRS","07/23/2021  8:54:26AM","00274593","HFIX"
"CR013989","HRS-60121","HRS","07/23/2021  7:30:19PM","00379213","HFIX"
"CR013996","HRS-60130","HRS","07/26/2021  1:56:29PM","00274593","SCRP"
"CR014001","HRS-60135","HRS","07/27/2021  9:40:05AM","00274593","HFIX"
"CR014003","HRS-60137","HRS","07/27/2021  3:56:41PM","00274593","HFIX"
"CR014006","HRS-60143","HRS","08/08/2021  8:15:38AM","00274593","SCRP"
"CR014008","HRS-60155","HRS","08/02/2021  8:32:47AM","00379213","HFIX"
"CR014009","HRS-60157","HRS","07/27/2021  7:12:14PM","00379213","HFIX"
"CR014010","HRS-60160","HRS","07/28/2021  9:44:26AM","00274593","HFIX"
"CR014021","HRS-60170","HRS","07/28/2021  4:11:08PM","00379213","HFIX"
"CR014024","HRS-60170","HRS","07/28/2021  4:35:03PM","00274593","HFIX"
"CR014025","HRS-60144","HRS","08/05/2021 11:31:45PM","00274593","SCRP"
"CR014026","HRS-60174","HRS","07/29/2021  9:58:07AM","00274593","HFIX"
"CR014026","HRS-60174","HRS","07/29/2021 12:07:27PM","00274593","HFIX"
"CR014030","HRS-60181","HRS","07/29/2021  3:47:20PM","00274593","HFIX"
"CR014032","HRS-60106","HRS","09/05/2021  8:24:39AM","00379213","SCRP"
"CR014034","HRS-60186","HRS","07/30/2021 12:17:27PM","00274593","HFIX"
"CR014035","HRS-60190","HRS","07/30/2021  2:52:33PM","00274593","HFIX"
"CR014036","HRS-60191","HRS","07/30/2021  3:28:37PM","00274593","HFIX"
"CR014038","HRS-60194","HRS","08/02/2021  9:36:27AM","00274593","HFIX"
"CR014039","HRS-60192","HRS","08/02/2021 10:44:10AM","00274593","HFIX"
"CR014042","HRS-60196","HRS","08/02/2021  2:11:53PM","00274593","HFIX"
"CR014043","HRS-60197","HRS","08/02/2021  4:38:51PM","00274593","HFIX"
"CR014045","HRS-60199","HRS","08/03/2021 12:12:44PM","00274593","HFIX"
"CR014046","HRS-60204","HRS","08/03/2021 10:21:14AM","00274593","HFIX"
"CR014050","HRS-60203","HRS","08/08/2021  8:15:50AM","00274593","SCRP"
"CR014053","HRS-59450","HRS","09/05/2021  8:24:03AM","00379213","SCRP"
"CR014054","HRS-60209","HRS","08/06/2021  8:22:09AM","00274593","HFIX"
"CR014055","HRS-60200","HRS","08/05/2021  2:21:38PM","00274593","HFIX"
"CR014056","HRS-59501","HRS","12/27/2021  6:22:48PM","00274593","SCRP"
"CR014057","HRS-59327","HRS","08/23/2021 10:14:36AM","00379213","HFIX"
"CR014068","HRS-60246","HRS","08/10/2021 11:31:33AM","00274593","HFIX"
"CR014068","HRS-60246","HRS","08/10/2021 11:42:47AM","00274593","HFIX"
"CR014068","HRS-60246","HRS","08/10/2021 11:44:19AM","00274593","HFIX"
"CR014069","HRS-59443","HRS","09/05/2021  8:23:25AM","00379213","HFIX"
"CR014070","HRS-59443","HRS","09/05/2021  8:23:49AM","00379213","SCRP"
"CR014074","HRS-60258","HRS","08/11/2021 11:16:09AM","00274593","HFIX"
"CR014074","HRS-60258","HRS","08/11/2021 11:16:55AM","00274593","HFIX"
"CR014074","HRS-60258","HRS","08/11/2021 11:17:54AM","00274593","HFIX"
"CR014076","HRS-59892","HRS","09/17/2021  4:46:14PM","00379213","HFIX"
"CR014076","HRS-59892","HRS","09/17/2021  4:46:42PM","00379213","HFIX"
"CR014076","HRS-59892","HRS","09/17/2021  4:47:24PM","00379213","HFIX"
"CR014078","HRS-59892","HRS","09/17/2021  5:15:27PM","00379213","HFIX"
"CR014078","HRS-59892","HRS","09/17/2021  5:15:59PM","00379213","HFIX"
"CR014078","HRS-59892","HRS","09/17/2021  5:16:34PM","00379213","HFIX"
"CR014080","HRS-60260","HRS","08/12/2021  9:52:25AM","00274593","HFIX"
"CR014081","HRS-60129","HRS","09/24/2021  4:34:48PM","00274593","SCRP"
"CR014082","HRS-60269","HRS","08/12/2021  2:13:02PM","00274593","HFIX"
"CR014083","HRS-60150","HRS","09/05/2021  8:24:59AM","00379213","HFIX"
"CR014088","HRS-60279","HRS","08/13/2021  5:06:08PM","00379213","HFIX"
"CR014091","HRS-60271","HRS","09/05/2021  8:26:11AM","00379213","SCRP"
"CR014094","HRS-60289","HRS","08/23/2021 12:09:41PM","00274593","SCRP"
"CR014095","HRS-59942","HRS","09/05/2021  8:16:26AM","00379213","SCRP"
"CR014096","HRS-60299","HRS","08/18/2021  4:15:03PM","00274593","SCRP"
"CR014097","HRS-60301","HRS","08/18/2021  4:13:45PM","00274593","SCRP"
"CR014098","HRS-60302","HRS","08/18/2021  4:10:58PM","00274593","SCRP"
"CR014099","HRS-60303","HRS","08/18/2021  4:10:22PM","00274593","SCRP"
"CR014100","HRS-60308","HRS","08/17/2021  9:17:13PM","00274593","HFIX"
"CR014101","HRS-60309","HRS","08/18/2021 10:41:00AM","00150774","HFIX"
"CR014103","HRS-60312","HRS","08/18/2021  1:35:14PM","00274593","HFIX"
"CR014105","HRS-60318","HRS","08/18/2021  4:08:10PM","00274593","HFIX"
"CR014107","HRS-60315","HRS","09/05/2021  8:26:26AM","00379213","SCRP"
"CR014114","HRS-60332","HRS","08/20/2021 10:14:37AM","00274593","HFIX"
"CR014118","HRS-58940","HRS","10/03/2021  8:18:45AM","00274593","SCRP"
"CR014120","HRS-60335","HRS","08/23/2021 12:35:18PM","00150774","HFIX"
"CR014123","HRS-59893","HRS","09/17/2021  5:11:41PM","00379213","HFIX"
"CR014123","HRS-59893","HRS","09/17/2021  5:12:11PM","00379213","HFIX"
"CR014123","HRS-59893","HRS","09/17/2021  5:12:46PM","00379213","HFIX"
"CR014125","HRS-60314","HRS","10/03/2021  8:21:47AM","00274593","SCRP"
"CR014127","HRS-60343","HRS","08/31/2021  9:45:20AM","00274593","HFIX"
"CR014129","HRS-60357","HRS","08/26/2021 11:12:16AM","00150774","HFIX"
"CR014134","HRS-60008","HRS","08/30/2021 11:40:33AM","00150774","HFIX"
"CR014135","HRS-60370","HRS","08/30/2021  2:04:18PM","00150774","HFIX"
"CR014137","HRS-60376","HRS","08/30/2021  3:18:05PM","00274593","HFIX"
"CR014142","HRS-60394","HRS","09/05/2021  8:27:10AM","00379213","SCRP"
"CR014144","HRS-60212","HRS","09/05/2021  8:25:54AM","00379213","SCRP"
"CR014145","HRS-60398","HRS","08/31/2021  2:21:09PM","00274593","HFIX"
"CR014150","HRS-59893","HRS","09/17/2021  5:43:56PM","00379213","HFIX"
"CR014150","HRS-59893","HRS","09/17/2021  5:44:35PM","00379213","HFIX"
"CR014150","HRS-59893","HRS","09/17/2021  5:45:44PM","00379213","HFIX"
"CR014151","HRS-59442","HRS","09/24/2021  3:06:43PM","00274593","HFIX"
"CR014152","HRS-59454","HRS","09/03/2021  1:18:45PM","00274593","HFIX"
"CR014152","HRS-59454","HRS","09/03/2021  4:12:20PM","00274593","HFIX"
"CR014152","HRS-59454","HRS","09/03/2021  4:42:43PM","00379213","HFIX"
"CR014159","HRS-60426","HRS","09/03/2021  2:50:46AM","00274593","HFIX"
"CR014161","HRS-60428","HRS","09/03/2021  8:23:34AM","00274593","HFIX"
"CR014162","HRS-60428","HRS","09/03/2021  8:52:22AM","00274593","HFIX"
"CR014163","HRS-60333","HRS","10/03/2021  8:22:01AM","00274593","HFIX"
"CR014167","HRS-53300","HRS","10/03/2021  8:06:12AM","00274593","SCRP"
"CR014171","HRS-60320","HRS","09/24/2021  4:38:07PM","00274593","SCRP"
"CR014174","HRS-59458","HRS","09/24/2021  2:25:57PM","00274593","HFIX"
"CR014174","HRS-59458","HRS","09/24/2021  2:26:40PM","00274593","HFIX"
"CR014174","HRS-59458","HRS","09/24/2021  2:27:10PM","00274593","HFIX"
"CR014174","HRS-59458","HRS","09/24/2021  2:27:55PM","00274593","HFIX"
"CR014174","HRS-59458","HRS","09/24/2021  2:30:13PM","00274593","HFIX"
"CR014174","HRS-59458","HRS","09/24/2021  2:32:57PM","00274593","HFIX"
"CR014174","HRS-59458","HRS","09/24/2021  2:33:59PM","00274593","HFIX"
"CR014174","HRS-59458","HRS","09/24/2021  2:34:25PM","00274593","HFIX"
"CR014175","HRS-59455","HRS","09/24/2021  1:34:11PM","00274593","HFIX"
"CR014175","HRS-59455","HRS","09/24/2021  1:36:13PM","00274593","HFIX"
"CR014175","HRS-59455","HRS","09/24/2021  1:38:30PM","00274593","HFIX"
"CR014175","HRS-59455","HRS","09/24/2021  1:40:06PM","00274593","HFIX"
"CR014175","HRS-59455","HRS","09/24/2021  1:41:43PM","00274593","HFIX"
"CR014175","HRS-59455","HRS","09/24/2021  1:43:29PM","00274593","HFIX"
"CR014175","HRS-59455","HRS","09/24/2021  2:02:07PM","00274593","HFIX"
"CR014175","HRS-59455","HRS","09/24/2021  2:21:20PM","00274593","HFIX"
"CR014175","HRS-59455","HRS","09/24/2021  2:24:19PM","00274593","HFIX"
"CR014176","HRS-60434","HRS","09/09/2021 12:49:34PM","00274593","HFIX"
"CR014180","HRS-60377","HRS","10/03/2021  8:23:06AM","00274593","HFIX"
"CR014181","HRS-60454","HRS","09/08/2021 12:42:21PM","00274593","HFIX"
"CR014182","HRS-59897","HRS","10/03/2021  8:20:11AM","00274593","SCRP"
"CR014183","HRS-60349","HRS","10/03/2021  8:22:44AM","00274593","SCRP"
"CR014184","HRS-60471","HRS","09/09/2021  7:00:22AM","00150774","HFIX"
"CR014189","HRS-53819","HRS","10/03/2021  8:13:18AM","00274593","SCRP"
"CR014190","HRS-60471","HRS","09/10/2021  9:03:29AM","00274593","HFIX"
"CR014194","HRS-60476","HRS","10/03/2021  8:23:25AM","00274593","HFIX"
"CR014194","HRS-60476","HRS","10/03/2021  8:23:31AM","00274593","HFIX"
"CR014194","HRS-60476","HRS","10/03/2021  8:23:36AM","00274593","HFIX"
"CR014194","HRS-60476","HRS","10/03/2021  8:23:41AM","00274593","HFIX"
"CR014194","HRS-60476","HRS","10/03/2021  8:23:45AM","00274593","HFIX"
"CR014195","HRS-60480","HRS","09/10/2021  4:38:21PM","00379213","HFIX"
"CR014195","HRS-60480","HRS","09/10/2021  4:38:42PM","00379213","HFIX"
"CR014195","HRS-60480","HRS","09/10/2021  4:38:58PM","00379213","HFIX"
"CR014200","HRS-60504","HRS","09/14/2021 11:11:38AM","00274593","HFIX"
"CR014204","HRS-60514","HRS","10/03/2021  8:24:16AM","00274593","HFIX"
"CR014204","HRS-60514","HRS","10/03/2021  8:24:25AM","00274593","HFIX"
"CR014206","HRS-59500","HRS","12/27/2021  6:22:32PM","00274593","SCRP"
"CR014208","HRS-60525","HRS","09/16/2021  5:17:32PM","00379213","HFIX"
"CR014209","HRS-60510","HRS","09/20/2021 11:42:17AM","00379213","SCRP"
"CR014212","HRS-60301","HRS","09/24/2021  4:35:49PM","00274593","HFIX"
"CR014212","HRS-60301","HRS","09/24/2021  4:36:44PM","00274593","HFIX"
"CR014213","HRS-60530","HRS","09/17/2021  4:48:52PM","00379213","HFIX"
"CR014215","HRS-60550","HRS","09/24/2021  4:38:51PM","00274593","SCRP"
"CR014217","HRS-59983","HRS","10/03/2021  8:20:30AM","00274593","SCRP"
"CR014219","HRS-59466","HRS","09/24/2021  4:35:29PM","00274593","SCRP"
"CR014220","HRS-60556","HRS","09/24/2021  4:39:10PM","00274593","SCRP"
"CR014221","HRS-59466","HRS","09/24/2021  4:37:22PM","00274593","SCRP"
"CR014223","HRS-60571","HRS","09/22/2021 11:04:13AM","00274593","HFIX"
"CR014223","HRS-60571","HRS","09/24/2021  9:01:53AM","00274593","HFIX"
"CR014224","HRS-55833","HRS","11/01/2021  4:30:47PM","00274593","SCRP"
"CR014226","HRS-60590","HRS","09/24/2021 10:31:08AM","00274593","HFIX"
"CR014228","HRS-60592","HRS","09/23/2021 11:04:41AM","00274593","SCRP"
"CR014230","HRS-60599","HRS","09/24/2021  2:46:54PM","00274593","HFIX"
"CR014230","HRS-60599","HRS","09/24/2021  2:53:47PM","00274593","HFIX"
"CR014230","HRS-60599","HRS","09/24/2021  2:58:22PM","00274593","HFIX"
"CR014236","HRS-60604","HRS","09/27/2021 10:58:43AM","00274593","HFIX"
"CR014243","HRS-60635","HRS","10/03/2021  8:24:44AM","00274593","SCRP"
"CR014244","HRS-60633","HRS","10/01/2021  8:31:45AM","00274593","HFIX"
"CR014252","HRS-60662","HRS","10/03/2021  8:25:07AM","00274593","SCRP"
"CR014257","HRS-60486","HRS","10/18/2021  4:41:38PM","00274593","SCRP"
"CR014259","HRS-60700","HRS","10/05/2021 12:06:38PM","00274593","HFIX"
"CR014260","HRS-60695","HRS","10/18/2021  4:41:53PM","00274593","SCRP"
"CR014261","HRS-60685","HRS","10/05/2021 12:04:16PM","00274593","HFIX"
"CR014263","HRS-60685","HRS","10/05/2021  3:09:17PM","00274593","HFIX"
"CR014268","HRS-60690","HRS","10/07/2021  2:20:38PM","00274593","SCRP"
"CR014270","HRS-60715","HRS","10/06/2021  4:03:41PM","00379213","HFIX"
"CR014271","HRS-60717","HRS","10/07/2021  1:46:49PM","00379213","HFIX"
"CR014273","HRS-60719","HRS","10/18/2021  4:42:10PM","00274593","SCRP"
"CR014275","HRS-60725","HRS","10/11/2021  4:35:24PM","00274593","SCRP"
"CR014276","HRS-60724","HRS","10/13/2021  8:19:31AM","00274593","SCRP"
"CR014278","HRS-60746","HRS","10/18/2021  4:42:27PM","00274593","SCRP"
"CR014281","HRS-60758","HRS","10/11/2021 10:30:38AM","00150774","HFIX"
"CR014285","HRS-60380","HRS","10/18/2021  4:40:31PM","00274593","SCRP"
"CR014286","HRS-60750","HRS","10/18/2021 12:41:04PM","00274593","HFIX"
"CR014287","HRS-60767","HRS","10/13/2021 11:26:57AM","00150774","HFIX"
"CR014289","HRS-60771","HRS","11/01/2021  4:32:24PM","00274593","SCRP"
"CR014292","HRS-60801","HRS","10/18/2021  4:43:19PM","00274593","SCRP"
"CR014293","HRS-60794","HRS","10/18/2021  4:42:54PM","00274593","SCRP"
"CR014295","HRS-60792","HRS","10/15/2021  4:38:59PM","00379213","SCRP"
"CR014296","HRS-60793","HRS","10/15/2021  5:23:33PM","00379213","HFIX"
"CR014297","HRS-60813","HRS","11/01/2021  4:32:59PM","00274593","SCRP"
"CR014298","HRS-60774","HRS","10/18/2021  4:45:48PM","00274593","SCRP"
"CR014299","HRS-60779","HRS","10/18/2021  4:44:19PM","00274593","SCRP"
"CR014301","HRS-60819","HRS","10/18/2021 11:07:22AM","00150774","HFIX"
"CR014302","HRS-60820","HRS","10/18/2021  2:20:11PM","00274593","HFIX"
"CR014304","HRS-60819","HRS","10/19/2021  8:54:13AM","00274593","HFIX"
"CR014305","HRS-60816","HRS","10/18/2021  4:46:29PM","00274593","SCRP"
"CR014306","HRS-60825","HRS","10/19/2021  1:46:48PM","00274593","HFIX"
"CR014306","HRS-60825","HRS","10/19/2021  1:47:41PM","00274593","HFIX"
"CR014306","HRS-60825","HRS","10/19/2021  1:48:12PM","00274593","HFIX"
"CR014306","HRS-60825","HRS","10/20/2021  9:57:34AM","00274593","HFIX"
"CR014307","HRS-60829","HRS","10/19/2021  2:31:02PM","00274593","SCRP"
"CR014308","HRS-60832","HRS","10/20/2021  1:14:04PM","00379213","SCRP"
"CR014309","HRS-59470","HRS","10/23/2021 12:46:22PM","00379213","HFIX"
"CR014310","HRS-59628","HRS","11/29/2021  5:19:23PM","00379213","HFIX"
"CR014311","HRS-60834","HRS","10/25/2021  3:44:38PM","00274593","HFIX"
"CR014315","HRS-60825","HRS","10/20/2021  4:01:46PM","00274593","HFIX"
"CR014315","HRS-60825","HRS","10/21/2021 12:06:39PM","00274593","HFIX"
"CR014315","HRS-60825","HRS","10/21/2021 12:07:45PM","00274593","HFIX"
"CR014315","HRS-60825","HRS","10/22/2021 12:00:54PM","00274593","HFIX"
"CR014315","HRS-60825","HRS","10/25/2021  9:06:55AM","00379213","HFIX"
"CR014315","HRS-60825","HRS","10/26/2021  9:11:15AM","00150774","HFIX"
"CR014315","HRS-60825","HRS","10/27/2021 11:24:39AM","00150774","HFIX"
"CR014315","HRS-60825","HRS","10/29/2021  8:47:30AM","00274593","HFIX"
"CR014315","HRS-60825","HRS","11/01/2021  8:57:26AM","00274593","HFIX"
"CR014315","HRS-60825","HRS","11/02/2021  3:27:42PM","00274593","HFIX"
"CR014315","HRS-60825","HRS","11/03/2021  2:32:56PM","00274593","HFIX"
"CR014315","HRS-60825","HRS","11/05/2021  8:46:47AM","00379213","HFIX"
"CR014317","HRS-60859","HRS","11/01/2021  4:34:05PM","00274593","SCRP"
"CR014320","HRS-60852","HRS","10/25/2021 10:18:25AM","00150774","SCRP"
"CR014323","HRS-60878","HRS","10/25/2021  1:04:11PM","00150774","HFIX"
"CR014331","HRS-60896","HRS","10/26/2021  5:02:30PM","00274593","HFIX"
"CR014332","HRS-60547","HRS","11/01/2021  4:32:02PM","00274593","SCRP"
"CR014334","HRS-59460","HRS","10/28/2021  5:30:55AM","00150774","HFIX"
"CR014334","HRS-59460","HRS","10/28/2021  5:31:58AM","00150774","HFIX"
"CR014334","HRS-59460","HRS","10/28/2021  5:32:50AM","00150774","HFIX"
"CR014334","HRS-59460","HRS","10/28/2021  5:33:48AM","00150774","HFIX"
"CR014334","HRS-59460","HRS","10/28/2021  5:34:37AM","00150774","HFIX"
"CR014334","HRS-59460","HRS","10/28/2021  5:35:44AM","00150774","HFIX"
"CR014334","HRS-59460","HRS","10/28/2021  5:36:50AM","00150774","HFIX"
"CR014334","HRS-59460","HRS","10/28/2021  5:37:45AM","00150774","HFIX"
"CR014334","HRS-59460","HRS","10/28/2021  5:38:34AM","00150774","HFIX"
"CR014334","HRS-59460","HRS","10/28/2021  5:39:21AM","00150774","HFIX"
"CR014334","HRS-59460","HRS","10/28/2021  5:40:14AM","00150774","HFIX"
"CR014334","HRS-59460","HRS","10/28/2021  5:41:05AM","00150774","HFIX"
"CR014334","HRS-59460","HRS","10/28/2021  5:41:46AM","00150774","HFIX"
"CR014334","HRS-59460","HRS","10/28/2021  5:42:48AM","00150774","HFIX"
"CR014334","HRS-59460","HRS","10/28/2021  5:43:26AM","00150774","HFIX"
"CR014334","HRS-59460","HRS","10/28/2021  5:43:58AM","00150774","HFIX"
"CR014339","HRS-60907","HRS","10/27/2021  5:11:53PM","00379213","HFIX"
"CR014339","HRS-60907","HRS","10/27/2021  5:13:02PM","00379213","HFIX"
"CR014339","HRS-60907","HRS","10/27/2021  5:14:52PM","00379213","HFIX"
"CR014339","HRS-60907","HRS","11/02/2021  4:52:29PM","00274593","HFIX"
"CR014339","HRS-60907","HRS","11/02/2021  4:53:41PM","00274593","HFIX"
"CR014339","HRS-60907","HRS","11/02/2021  4:54:27PM","00274593","HFIX"
"CR014339","HRS-60907","HRS","11/04/2021  9:16:42AM","00379213","HFIX"
"CR014339","HRS-60907","HRS","11/04/2021  9:18:51AM","00379213","HFIX"
"CR014339","HRS-60907","HRS","11/04/2021  9:20:23AM","00379213","HFIX"
"CR014339","HRS-60907","HRS","11/08/2021  5:13:00PM","00379213","HFIX"
"CR014339","HRS-60907","HRS","11/08/2021  5:14:45PM","00379213","HFIX"
"CR014339","HRS-60907","HRS","11/08/2021  5:14:54PM","00379213","HFIX"
"CR014339","HRS-60907","HRS","11/10/2021  4:52:21PM","00274593","HFIX"
"CR014339","HRS-60907","HRS","11/10/2021  4:53:26PM","00274593","HFIX"
"CR014339","HRS-60907","HRS","11/16/2021  1:58:00PM","00274593","HFIX"
"CR014339","HRS-60907","HRS","11/16/2021  2:02:18PM","00274593","HFIX"
"CR014340","HRS-59608","HRS","12/27/2021  6:23:28PM","00274593","HFIX"
"CR014341","HRS-59471","HRS","12/01/2021  6:12:17AM","00150774","HFIX"
"CR014342","HRS-60796","HRS","10/28/2021 10:17:33AM","00274593","HFIX"
"CR014345","HRS-60924","HRS","11/01/2021  4:34:25PM","00274593","SCRP"
"CR014346","HRS-60900","HRS","11/04/2021  4:39:11PM","00274593","SCRP"
"CR014348","HRS-60902","HRS","11/04/2021  4:38:35PM","00274593","SCRP"
"CR014351","HRS-60877","HRS","11/29/2021  5:20:47PM","00379213","HFIX"
"CR014352","HRS-60848","HRS","11/01/2021  4:33:31PM","00274593","SCRP"
"CR014353","HRS-60937","HRS","10/29/2021  9:32:23AM","00274593","SCRP"
"CR014353","HRS-60937","HRS","10/29/2021 12:04:46PM","00274593","SCRP"
"CR014353","HRS-60937","HRS","11/14/2021 10:47:44AM","00379213","SCRP"
"CR014354","HRS-60537","HRS","11/14/2021 10:47:18AM","00379213","SCRP"
"CR014355","HRS-60933","HRS","11/01/2021  8:29:54AM","00274593","HFIX"
"CR014357","HRS-60928","HRS","11/01/2021 11:29:23AM","00274593","HFIX"
"CR014359","HRS-60936","HRS","10/30/2021  9:11:13AM","00274593","HFIX"
"CR014360","HRS-60943","HRS","10/30/2021  9:09:09AM","00274593","HFIX"
"CR014361","HRS-60944","HRS","11/01/2021  4:34:46PM","00274593","SCRP"
"CR014362","HRS-60945","HRS","11/01/2021  4:35:01PM","00274593","SCRP"
"CR014365","HRS-60949","HRS","11/01/2021  4:35:29PM","00274593","SCRP"
"CR014370","HRS-60946","HRS","11/01/2021  4:36:21PM","00274593","SCRP"
"CR014372","HRS-60960","HRS","11/02/2021 10:09:49AM","00274593","HFIX"
"CR014375","HRS-60975","HRS","11/05/2021  1:55:58PM","00274593","HFIX"
"CR014377","HRS-60940","HRS","11/14/2021 10:20:17AM","00379213","SCRP"
"CR014377","HRS-60940","HRS","11/14/2021 10:20:23AM","00379213","SCRP"
"CR014381","HRS-60983","HRS","12/13/2021  4:44:16PM","00379213","SCRP"
"CR014383","HRS-61009","HRS","11/04/2021  2:09:52PM","00274593","HFIX"
"CR014384","HRS-61009","HRS","11/04/2021  2:52:53PM","00274593","HFIX"
"CR014385","HRS-61003","HRS","11/14/2021 10:20:36AM","00379213","SCRP"
"CR014388","HRS-61010","HRS","11/05/2021 10:52:56AM","00274593","SCRP"
"CR014389","HRS-59512","HRS","11/14/2021 10:19:57AM","00379213","SCRP"
"CR014394","HRS-61018","HRS","11/08/2021  3:14:17PM","00274593","HFIX"
"CR014395","HRS-61039","HRS","11/08/2021  1:56:27PM","00379213","HFIX"
"CR014396","HRS-61042","HRS","11/08/2021  3:13:31PM","00274593","SCRP"
"CR014398","HRS-60043","HRS","11/08/2021  2:04:25PM","00379213","SCRP"
"CR014399","HRS-61028","HRS","11/09/2021  7:47:19AM","00150774","HFIX"
"CR014399","HRS-61028","HRS","11/09/2021  7:49:59AM","00150774","HFIX"
"CR014399","HRS-61028","HRS","11/09/2021  7:51:38AM","00150774","HFIX"
"CR014399","HRS-61028","HRS","11/09/2021  7:53:42AM","00150774","HFIX"
"CR014399","HRS-61028","HRS","11/09/2021  7:54:29AM","00150774","HFIX"
"CR014399","HRS-61028","HRS","11/09/2021  7:55:41AM","00150774","HFIX"
"CR014399","HRS-61028","HRS","11/09/2021  7:56:52AM","00150774","HFIX"
"CR014399","HRS-61028","HRS","11/09/2021  7:58:08AM","00150774","HFIX"
"CR014399","HRS-61028","HRS","11/09/2021  7:59:26AM","00150774","HFIX"
"CR014399","HRS-61028","HRS","11/09/2021  8:01:08AM","00150774","HFIX"
"CR014399","HRS-61028","HRS","11/09/2021  8:06:53AM","00150774","HFIX"
"CR014399","HRS-61028","HRS","11/09/2021  8:54:23AM","00150774","HFIX"
"CR014399","HRS-61028","HRS","11/09/2021  9:02:58AM","00150774","HFIX"
"CR014399","HRS-61028","HRS","11/09/2021 11:27:25AM","00150774","HFIX"
"CR014399","HRS-61028","HRS","11/09/2021 11:28:28AM","00150774","HFIX"
"CR014399","HRS-61028","HRS","11/09/2021 11:29:09AM","00150774","HFIX"
"CR014401","HRS-61050","HRS","11/09/2021 10:34:02AM","00274593","HFIX"
"CR014402","HRS-61027","HRS","11/10/2021 11:30:37AM","00379213","SCRP"
"CR014403","HRS-61025","HRS","11/09/2021  1:54:15PM","00274593","HFIX"
"CR014404","HRS-61057","HRS","11/11/2021  2:32:11PM","00274593","SCRP"
"CR014405","HRS-61037","HRS","11/14/2021 10:48:04AM","00379213","SCRP"
"CR014406","HRS-61068","HRS","11/10/2021  9:02:08AM","00379213","HFIX"
"CR014407","HRS-61067","HRS","11/14/2021 10:21:02AM","00379213","SCRP"
"CR014410","HRS-61079","HRS","11/11/2021  8:28:43AM","00274593","HFIX"
"CR014411","HRS-61083","HRS","11/15/2021  8:55:03AM","00274593","HFIX"
"CR014413","HRS-61054","HRS","11/29/2021  5:21:13PM","00379213","SCRP"
"CR014414","HRS-61087","HRS","11/29/2021  5:21:24PM","00379213","SCRP"
"CR014415","HRS-61095","HRS","11/12/2021  1:47:18PM","00274593","HFIX"
"CR014416","HRS-61098","HRS","12/27/2021  6:24:05PM","00274593","SCRP"
"CR014417","HRS-61094","HRS","11/29/2021  5:21:43PM","00379213","SCRP"
"CR014420","HRS-61105","HRS","11/14/2021 10:21:18AM","00379213","SCRP"
"CR014423","HRS-61112","HRS","12/01/2021  4:54:59PM","00274593","SCRP"
"CR014424","HRS-61122","HRS","11/17/2021  9:14:09AM","00274593","SCRP"
"CR014428","HRS-61127","HRS","11/16/2021  2:45:36PM","00150774","HFIX"
"CR014429","HRS-60870","HRS","11/29/2021  5:20:30PM","00379213","HFIX"
"CR014434","HRS-61132","HRS","11/29/2021  5:22:01PM","00379213","SCRP"
"CR014435","HRS-60301","HRS","11/29/2021  5:20:04PM","00379213","SCRP"
"CR014437","HRS-61127","HRS","11/17/2021  8:25:45AM","00274593","HFIX"
"CR014438","HRS-61106","HRS","11/17/2021  1:55:55PM","00274593","HFIX"
"CR014441","HRS-61145","HRS","11/17/2021 11:27:23AM","00150774","HFIX"
"CR014445","HRS-61153","HRS","11/29/2021  5:22:13PM","00379213","SCRP"
"CR014447","HRS-59516","HRS","11/26/2021  3:36:44PM","00274593","HFIX"
"CR014448","HRS-61149","HRS","12/27/2021  6:24:25PM","00274593","SCRP"
"CR014449","HRS-60409","HRS","11/19/2021 11:00:05AM","00274593","HFIX"
"CR014451","HRS-61166","HRS","11/19/2021  1:54:21PM","00379213","HFIX"
"CR014454","HRS-61175","HRS","11/22/2021 10:10:31AM","00150774","HFIX"
"CR014455","HRS-61176","HRS","11/22/2021 12:07:39PM","00150774","HFIX"
"CR014458","HRS-61173","HRS","11/24/2021 10:11:52AM","00150774","HFIX"
"CR014459","HRS-61154","HRS","11/23/2021  9:16:32AM","00274593","HFIX"
"CR014460","HRS-61186","HRS","11/23/2021  1:30:55PM","00274593","HFIX"
"CR014461","HRS-61188","HRS","11/24/2021 10:33:31AM","00274593","HFIX"
"CR014462","HRS-61194","HRS","11/24/2021  8:44:18AM","00379213","HFIX"
"CR014464","HRS-61192","HRS","11/24/2021 10:04:05AM","00150774","HFIX"
"CR014464","HRS-61192","HRS","12/07/2021  2:23:16PM","00274593","HFIX"
"CR014465","HRS-61197","HRS","12/13/2021  4:44:52PM","00379213","SCRP"
"CR014466","HRS-61173","HRS","11/24/2021  6:14:17PM","00274593","HFIX"
"CR014467","HRS-61199","HRS","11/24/2021  2:26:12PM","00274593","HFIX"
"CR014469","HRS-61211","HRS","11/26/2021  8:34:35AM","00274593","HFIX"
"CR014470","HRS-61213","HRS","11/26/2021  8:55:05AM","00274593","HFIX"
"CR014472","HRS-61224","HRS","11/29/2021  5:22:25PM","00379213","HFIX"
"CR014473","HRS-61205","HRS","11/30/2021  4:10:48PM","00274593","HFIX"
"CR014473","HRS-61205","HRS","11/30/2021  4:14:25PM","00274593","HFIX"
"CR014473","HRS-61205","HRS","11/30/2021  4:33:23PM","00274593","HFIX"
"CR014473","HRS-61205","HRS","11/30/2021  4:35:33PM","00274593","HFIX"
"CR014473","HRS-61205","HRS","11/30/2021  4:36:54PM","00274593","HFIX"
"CR014473","HRS-61205","HRS","11/30/2021  4:37:43PM","00274593","HFIX"
"CR014473","HRS-61205","HRS","11/30/2021  4:38:22PM","00274593","HFIX"
"CR014473","HRS-61205","HRS","11/30/2021  4:39:22PM","00274593","HFIX"
"CR014473","HRS-61205","HRS","11/30/2021  4:42:38PM","00274593","HFIX"
"CR014474","HRS-61232","HRS","12/01/2021  4:13:48PM","00274593","SCRP"
"CR014475","HRS-61198","HRS","12/13/2021  4:45:17PM","00379213","SCRP"
"CR014478","HRS-61253","HRS","12/01/2021  4:12:55PM","00274593","SCRP"
"CR014479","HRS-61161","HRS","12/08/2021  1:05:34PM","00274593","CODE"
"CR014479","HRS-61161","HRS","12/08/2021  1:26:33PM","00274593","CODE"
"CR014480","HRS-61260","HRS","12/01/2021  2:14:32PM","00274593","HFIX"
"CR014482","HRS-61261","HRS","12/23/2021  8:51:20AM","00379213","SCRP"
"CR014484","HRS-61251","HRS","12/02/2021  9:50:46AM","00150774","HFIX"
"CR014484","HRS-61251","HRS","12/02/2021 10:02:56AM","00150774","HFIX"
"CR014484","HRS-61251","HRS","12/02/2021 10:12:17AM","00150774","HFIX"
"CR014485","HRS-61240","HRS","12/13/2021  4:45:37PM","00379213","SCRP"
"CR014489","HRS-61279","HRS","12/13/2021  4:45:54PM","00379213","SCRP"
"CR014491","HRS-61283","HRS","12/06/2021  1:05:51PM","00274593","HFIX"
"CR014494","HRS-61263","HRS","12/23/2021  9:26:19AM","00379213","HFIX"
"CR014497","HRS-61293","HRS","12/09/2021  5:35:08PM","00274593","HFIX"
"CR014498","HRS-61193","HRS","12/13/2021  4:44:33PM","00379213","SCRP"
"CR014500","HRS-60546","HRS","12/27/2021  6:21:33PM","00274593","SCRP"
"CR014503","HRS-61271","HRS","12/06/2021  5:28:24PM","00274593","HFIX"
"CR014503","HRS-61271","HRS","12/06/2021  5:36:46PM","00274593","HFIX"
"CR014503","HRS-61271","HRS","12/06/2021  5:43:34PM","00274593","HFIX"
"CR014507","HRS-61321","HRS","12/27/2021  6:30:11PM","00274593","SCRP"
"CR014511","HRS-61339","HRS","12/13/2021  4:46:47PM","00379213","SCRP"
"CR014512","HRS-61289","HRS","12/13/2021  4:46:23PM","00379213","SCRP"
"CR014513","HRS-61355","HRS","12/13/2021  4:47:39PM","00379213","SCRP"
"CR014514","HRS-61322","HRS","12/27/2021  6:30:39PM","00274593","HFIX"
"CR014516","HRS-61375","HRS","12/08/2021  2:52:48PM","00274593","HFIX"
"CR014517","HRS-61377","HRS","12/08/2021  4:01:27PM","00274593","HFIX"
"CR014520","HRS-61380","HRS","12/13/2021  4:47:56PM","00379213","SCRP"
"CR014521","HRS-61381","HRS","12/09/2021  3:55:12PM","00274593","HFIX"
"CR014525","HRS-61402","HRS","12/13/2021 11:05:07AM","00274593","HFIX"
"CR014527","HRS-61047","HRS","12/27/2021  6:23:49PM","00274593","SCRP"
"CR014528","HRS-61341","HRS","12/10/2021  3:09:54PM","00274593","HFIX"
"CR014531","HRS-61416","HRS","12/13/2021 11:52:08AM","00274593","HFIX"
"CR014532","HRS-61409","HRS","12/13/2021 11:49:39AM","00274593","HFIX"
"CR014533","HRS-60544","HRS","12/27/2021  6:22:16PM","00274593","SCRP"
"CR014540","HRS-61352","HRS","12/15/2021 10:35:38AM","00150774","HFIX"
"CR014541","HRS-61353","HRS","12/13/2021  2:29:17PM","00274593","HFIX"
"CR014542","HRS-61422","HRS","12/13/2021  3:36:42PM","00274593","HFIX"
"CR014543","HRS-61422","HRS","12/13/2021  3:47:11PM","00274593","HFIX"
"CR014545","HRS-61441","HRS","12/27/2021  6:33:25PM","00274593","SCRP"
"CR014546","HRS-61438","HRS","12/27/2021  6:33:09PM","00274593","SCRP"
"CR014547","HRS-61376","HRS","12/27/2021  6:31:38PM","00274593","SCRP"
"CR014548","HRS-61449","HRS","12/15/2021 11:53:39AM","00150774","HFIX"
"CR014551","HRS-61450","HRS","12/27/2021  6:33:47PM","00274593","SCRP"
"CR014554","HRS-61406","HRS","12/17/2021  1:08:45PM","00379213","SCRP"
"CR014560","HRS-61453","HRS","12/27/2021  6:34:05PM","00274593","SCRP"
"CR014561","HRS-61476","HRS","12/27/2021  6:46:38PM","00274593","SCRP"
"CR014562","HRS-61481","HRS","12/22/2021  4:04:24PM","00379213","HFIX"
"CR014563","HRTS-61482","HRS","12/17/2021 12:49:36PM","00379213","HFIX"
"CR014565","HRS-60545","HRS","12/27/2021  6:21:53PM","00274593","SCRP"
"CR014566","HRS-60548","HRS","12/27/2021  6:20:58PM","00274593","SCRP"
"CR014567","HRS-61460","HRS","12/27/2021  6:34:38PM","00274593","SCRP"
"CR014568","HRS-61463","HRS","12/27/2021  6:36:16PM","00274593","SCRP"
"CR014569","HRS-61456","HRS","12/27/2021  6:34:22PM","00274593","SCRP"
"CR014570","HRS-61151","HRS","12/27/2021  6:29:36PM","00274593","HFIX"
"CR014571","HRS-61466","HRS","12/27/2021  6:36:33PM","00274593","SCRP"
"CR014573","HRS-61411","HRS","12/27/2021  6:32:28PM","00274593","SCRP"
"CR014574","HRS-61410","HRS","12/27/2021  6:32:04PM","00274593","SCRP"
"CR014575","HRS-61412","HRS","12/27/2021  6:32:52PM","00274593","SCRP"
"CR014579","HRS-61501","HRS","12/20/2021  3:02:18PM","00379213","HFIX"
"CR014581","HRS-61504","HRS","12/20/2021  6:07:11PM","00379213","HFIX"
"CR014582","HRS-61505","HRS","12/27/2021  6:36:54PM","00274593","SCRP"
"CR014584","HRS-61515","HRS","12/21/2021  1:56:01PM","00379213","HFIX"
"CR014585","HRS-61514","HRS","12/27/2021  6:37:07PM","00274593","SCRP"
"CR014586","HRS-61522","HRS","12/22/2021  4:21:45PM","00379213","SCRP"
"CR014587","HRS-61526","HRS","12/22/2021 11:13:54PM","00379213","HFIX"
"CR014588","HRS-61527","HRS","12/23/2021  9:30:22AM","00379213","HFIX"
"CR014593","HRS-61529","HRS","12/29/2021  8:26:22AM","00274593","HFIX"
"CR014594","HRS-61536","HRS","12/29/2021 11:08:39AM","00274593","HFIX"
